Emery Juarez,mauris.suspendisse@hotmail.ca,40,F
Madeline Mccall,vulputate.mauris.sagittis@yahoo.couk,21,F
Anjolie Bass,phasellus@protonmail.com,23,M
Dominic Foley,maecenas@yahoo.ca,48,F
Daphne Dillon,blandit@icloud.org,31,F
Hakeem Kramer,duis.sit@icloud.ca,22,F
Margaret Slater,aliquam@hotmail.couk,28,M
Tucker Simpson,ac.orci@hotmail.net,21,F
Nell Greer,amet.massa@icloud.net,26,F
Jescie Brock,quam.quis@yahoo.couk,47,F
Gannon Key,cras.eget@icloud.ca,46,M
Autumn Hopper,lectus@icloud.net,21,F
Belle Vargas,at.lacus@icloud.com,23,F
Amber Nunez,phasellus.vitae.mauris@hotmail.net,28,F
Lyle Horn,dolor@protonmail.net,24,F
Walter Burke,ut.nisi@hotmail.net,50,M
Merritt Robles,tristique.aliquet@protonmail.org,33,F
Samantha Collier,risus.donec@hotmail.org,37,M
Mary Jordan,porttitor@yahoo.com,40,M
Christopher Galloway,lorem.auctor@protonmail.couk,36,F
Edan King,ante.bibendum@protonmail.net,25,M
Meghan Carr,aliquam.enim.nec@yahoo.org,49,M
Maggie Figueroa,magna@aol.couk,24,M
Deborah Moore,malesuada.vel@outlook.org,47,F
Idona Harding,vitae.nibh@google.com,30,F
Noble Oneal,cras.dolor@protonmail.net,32,M
Brielle Moon,semper.egestas@hotmail.ca,27,F
Kelly Dillard,ipsum@icloud.couk,46,F
Griffin Kemp,enim@outlook.net,24,F
Wilma Sawyer,sociis.natoque@aol.com,35,F
Gillian Livingston,amet.faucibus.ut@outlook.com,27,F
Audrey Curtis,enim@yahoo.ca,47,F
Hillary Sellers,semper.egestas@hotmail.com,47,F
Felix Hutchinson,a.arcu@google.org,34,F
Carson Massey,nunc@outlook.net,43,M
Sharon Curtis,proin.vel@aol.edu,48,F
Eaton O'Neill,nec@hotmail.couk,39,F
Anjolie Gardner,nunc@hotmail.com,22,M
Nicholas Fuller,vel.faucibus@google.couk,50,F
Meghan Jefferson,penatibus.et@google.org,38,M
Zeph Robbins,faucibus@google.org,27,M
Ciaran Gordon,nunc@outlook.couk,35,M
Yoshio Tyson,convallis.ligula.donec@icloud.couk,32,M
Bert Hull,felis.eget.varius@google.net,40,F
Wynter Patrick,nibh.quisque.nonummy@aol.edu,40,M
Holmes Stevens,velit.eget@outlook.org,25,F
Hayfa Webb,nullam.enim.sed@aol.com,21,F
Craig Boyer,libero.lacus.varius@aol.edu,37,M
Kathleen Carrillo,vivamus@outlook.couk,34,F
Frances Cox,morbi.quis@aol.couk,43,F
Nehru Brennan,tellus.suspendisse.sed@outlook.com,46,F
Ralph Lynch,libero@outlook.edu,25,F
Jelani Sheppard,sem@outlook.ca,45,M
Amber Frederick,augue.id@outlook.couk,33,F
Isaiah Norris,donec.feugiat@hotmail.ca,27,F
Jennifer Franklin,augue.malesuada@outlook.com,38,M
Adara Hart,cubilia@aol.com,46,M
Axel Horton,parturient.montes@yahoo.net,29,M
George Cochran,vitae@aol.ca,28,M
Zane Howell,aenean.eget@aol.edu,20,M
Grady Forbes,molestie@hotmail.edu,34,F
Zenaida Merrill,congue.elit.sed@google.ca,22,M
Driscoll Green,auctor.mauris@google.com,39,M
Fitzgerald Ayers,donec.nibh@hotmail.ca,24,M
Walker Weaver,ante.ipsum@protonmail.net,36,M
Leandra Moon,neque@yahoo.org,39,M
Abdul Vaughn,magnis.dis@outlook.net,40,M
Lacota Orr,in.faucibus@protonmail.edu,35,M
Duncan Hebert,sapien.imperdiet.ornare@outlook.com,38,M
Brooke Stuart,eleifend.non@outlook.couk,34,F
Aaron Holland,elit.erat@aol.ca,40,M
Palmer Mclaughlin,risus.at@google.edu,25,F
Martena Vega,enim.sit@hotmail.com,24,M
Bo Cohen,adipiscing@icloud.org,41,F
Gail Oneal,ipsum.donec@protonmail.ca,35,M
Armand Perkins,amet.ultricies@google.ca,46,M
Martin Justice,nulla.aliquet.proin@protonmail.edu,31,M
Callum Hampton,tortor@hotmail.net,21,F
Kadeem Mathis,enim@aol.couk,43,M
Josiah Stone,mattis@yahoo.ca,32,M
Paki Shelton,fringilla.est.mauris@icloud.net,43,M
Cally Oneal,integer.sem.elit@protonmail.edu,46,F
Drew Cruz,iaculis.aliquet.diam@hotmail.edu,22,F
Kennan Holman,mi.lorem@protonmail.edu,39,M
Roary Melendez,nullam.feugiat@yahoo.edu,31,M
Quentin Waters,lacinia.at@protonmail.org,43,M
Slade Lowe,et.netus.et@aol.org,33,M
Marvin Simon,leo@hotmail.net,26,F
Ivy Mcmillan,sapien.gravida@yahoo.couk,27,M
Paula Newton,sem.consequat@hotmail.ca,26,F
Dorothy Nunez,placerat.velit@protonmail.edu,41,M
Amanda Stevens,mattis@protonmail.com,47,F
Keegan Cain,dictum.eu.eleifend@aol.com,25,M
Ishmael Wood,hendrerit.id.ante@protonmail.org,33,M
Ivor Suarez,turpis.vitae.purus@icloud.ca,33,F
Marah Rose,tristique@icloud.edu,23,F
Darryl Rice,sollicitudin.orci@aol.org,41,F
Ciaran Little,volutpat@google.com,26,F
Lyle Patrick,at.velit.cras@hotmail.net,21,M
Felix Lindsey,a.odio@yahoo.ca,42,M
